model,label_file,ari,n_messages
143535,labels_20250131_143535_gpt4o_thisiscere.csv,0.5833638248566898,49
095547,labels_20250227_095547_mistral7b_thisiscere.csv,0.2919288153873809,27
104606,labels_20250227_104606_mistral_thisiscere.csv,-0.01777689746097377,30
171944,labels_20250131_171944_claude35s_thisiscere.csv,0.5680705190989226,49
192750,labels_20250227_192750_deepseek-r1:7b-conversation_detection_prompt_withoutCSV_thisiscere.csv,0.17804041174227983,33
180822,labels_20250224_180822_mistral7b_thisiscere.csv,0.1927750076320342,27
185300,labels_20250131_185300_deepseekv3_thisiscere.csv,0.8652871839336348,67
202230,labels_20250225_202230_mistral7b_thisiscere.csv,0.2194934765924789,27
