{
  "confusion_matrix": [
    [
      1188,
      47
    ],
    [
      67,
      698
    ]
  ],
  "classification_report": {
    "0": {
      "precision": 0.9466135458167331,
      "recall": 0.9619433198380567,
      "f1-score": 0.9542168674698795,
      "support": 1235.0
    },
    "1": {
      "precision": 0.9369127516778524,
      "recall": 0.9124183006535947,
      "f1-score": 0.9245033112582781,
      "support": 765.0
    },
    "accuracy": 0.943,
    "macro avg": {
      "precision": 0.9417631487472927,
      "recall": 0.9371808102458257,
      "f1-score": 0.9393600893640788,
      "support": 2000.0
    },
    "weighted avg": {
      "precision": 0.9429029920586113,
      "recall": 0.943,
      "f1-score": 0.9428514322189419,
      "support": 2000.0
    }
  },
  "auc_roc": 0.9901944907517662,
  "roc_curve": {
    "fpr": [
      0.0,
      0.0,
      0.0,
      0.0016194331983805667,
      0.0016194331983805667,
      0.0024291497975708503,
      0.0024291497975708503,
      0.0032388663967611335,
      0.0032388663967611335,
      0.004048582995951417,
      0.004048582995951417,
      0.004858299595141701,
      0.004858299595141701,
      0.005668016194331984,
      0.005668016194331984,
      0.006477732793522267,
      0.006477732793522267,
      0.0072874493927125505,
      0.0072874493927125505,
      0.008097165991902834,
      0.008097165991902834,
      0.008906882591093117,
      0.008906882591093117,
      0.009716599190283401,
      0.009716599190283401,
      0.010526315789473684,
      0.010526315789473684,
      0.011336032388663968,
      0.011336032388663968,
      0.012145748987854251,
      0.012145748987854251,
      0.012955465587044534,
      0.012955465587044534,
      0.014574898785425101,
      0.014574898785425101,
      0.015384615384615385,
      0.015384615384615385,
      0.01700404858299595,
      0.01700404858299595,
      0.017813765182186234,
      0.017813765182186234,
      0.01862348178137652,
      0.01862348178137652,
      0.019433198380566803,
      0.019433198380566803,
      0.020242914979757085,
      0.020242914979757085,
      0.02186234817813765,
      0.02186234817813765,
      0.022672064777327937,
      0.022672064777327937,
      0.02348178137651822,
      0.02348178137651822,
      0.024291497975708502,
      0.024291497975708502,
      0.025101214574898785,
      0.025101214574898785,
      0.025910931174089068,
      0.025910931174089068,
      0.026720647773279354,
      0.026720647773279354,
      0.027530364372469637,
      0.027530364372469637,
      0.02834008097165992,
      0.02834008097165992,
      0.029149797570850202,
      0.029149797570850202,
      0.029959514170040485,
      0.029959514170040485,
      0.031578947368421054,
      0.031578947368421054,
      0.032388663967611336,
      0.032388663967611336,
      0.0340080971659919,
      0.0340080971659919,
      0.03643724696356275,
      0.03643724696356275,
      0.03724696356275304,
      0.03724696356275304,
      0.03805668016194332,
      0.03805668016194332,
      0.03967611336032389,
      0.03967611336032389,
      0.04048582995951417,
      0.04048582995951417,
      0.04129554655870445,
      0.04129554655870445,
      0.042105263157894736,
      0.042105263157894736,
      0.04696356275303644,
      0.04696356275303644,
      0.04777327935222672,
      0.04777327935222672,
      0.048582995951417005,
      0.048582995951417005,
      0.04939271255060729,
      0.04939271255060729,
      0.05101214574898785,
      0.05101214574898785,
      0.05263157894736842,
      0.05263157894736842,
      0.05344129554655871,
      0.05344129554655871,
      0.05506072874493927,
      0.05506072874493927,
      0.055870445344129556,
      0.055870445344129556,
      0.05748987854251012,
      0.05748987854251012,
      0.05991902834008097,
      0.05991902834008097,
      0.06072874493927125,
      0.06072874493927125,
      0.06153846153846154,
      0.06153846153846154,
      0.062348178137651825,
      0.062348178137651825,
      0.06315789473684211,
      0.06315789473684211,
      0.06558704453441296,
      0.06558704453441296,
      0.06882591093117409,
      0.06882591093117409,
      0.07206477732793522,
      0.07206477732793522,
      0.07368421052631578,
      0.07368421052631578,
      0.07449392712550608,
      0.07449392712550608,
      0.07611336032388664,
      0.07611336032388664,
      0.07935222672064778,
      0.07935222672064778,
      0.08016194331983806,
      0.08016194331983806,
      0.08097165991902834,
      0.08097165991902834,
      0.0825910931174089,
      0.0825910931174089,
      0.08582995951417004,
      0.08582995951417004,
      0.10040485829959514,
      0.10040485829959514,
      0.10526315789473684,
      0.10526315789473684,
      0.10607287449392712,
      0.10607287449392712,
      0.11417004048582996,
      0.11417004048582996,
      0.12631578947368421,
      0.12631578947368421,
      0.1522267206477733,
      0.1522267206477733,
      0.15384615384615385,
      0.15384615384615385,
      0.22672064777327935,
      0.22672064777327935,
      1.0
    ],