{
  "confusion_matrix": [
    [
      1234,
      1
    ],
    [
      0,
      765
    ]
  ],
  "classification_report": {
    "0": {
      "precision": 1.0,
      "recall": 0.9991902834008097,
      "f1-score": 0.9995949777237748,
      "support": 1235.0
    },
    "1": {
      "precision": 0.9986945169712794,
      "recall": 1.0,
      "f1-score": 0.999346832135859,
      "support": 765.0
    },
    "accuracy": 0.9995,
    "macro avg": {
      "precision": 0.9993472584856398,
      "recall": 0.9995951417004049,
      "f1-score": 0.9994709049298169,
      "support": 2000.0
    },
    "weighted avg": {
      "precision": 0.9995006527415143,
      "recall": 0.9995,
      "f1-score": 0.9995000620363971,
      "support": 2000.0
    }
  },
  "auc_roc": 1.0,
  "roc_curve": {
    "fpr": [
      0.0,
      0.0,
      0.0,
      0.2194331983805668,
      0.22105263157894736,
      0.22672064777327935,
      0.2291497975708502,
      0.25020242914979757,
      0.25182186234817816,
      0.2744939271255061,
      0.27692307692307694,
      0.2785425101214575,
      0.2817813765182186,
      0.28421052631578947,
      0.2963562753036437,
      0.3214574898785425,
      0.3230769230769231,
      0.3368421052631579,
      0.3384615384615385,
      0.34493927125506074,
      0.3465587044534413,
      0.3748987854251012,
      0.3765182186234818,
      0.3813765182186235,
      0.40161943319838056,
      0.4105263157894737,
      0.4121457489878543,
      0.4242914979757085,
      0.42672064777327934,
      0.42834008097165993,
      0.4307692307692308,
      0.4348178137651822,
      0.43643724696356273,
      0.43967611336032386,
      0.4437246963562753,
      0.4445344129554656,
      0.4461538461538462,
      0.44696356275303645,
      0.45101214574898785,
      0.454251012145749,
      0.45587044534412957,
      0.46396761133603237,
      0.46639676113360323,
      0.4680161943319838,
      0.4728744939271255,
      0.4744939271255061,
      0.47692307692307695,
      0.4785425101214575,
      0.4874493927125506,
      0.491497975708502,
      0.4931174089068826,
      0.4987854251012146,
      0.5004048582995951,
      0.5028340080971659,
      0.5060728744939271,
      0.5093117408906883,
      0.5109311740890689,
      0.5238866396761134,
      0.5255060728744939,
      0.5287449392712551,
      0.5311740890688259,
      0.5384615384615384,
      0.540080971659919,
      0.5441295546558704,
      0.545748987854251,
      0.5506072874493927,
      0.5546558704453441,
      0.5603238866396761,
      0.5619433198380567,
      0.5659919028340081,
      0.5668016194331984,
      0.5748987854251012,
      0.5765182186234817,
      0.5773279352226721,
      0.5789473684210527,
      0.5813765182186235,
      0.5854251012145749,
      0.5910931174089069,
      0.6518218623481782,
      0.6615384615384615,
      0.6631578947368421,
      0.6785425101214575,
      0.680161943319838,
      0.691497975708502,
      0.6931174089068826,
      0.697165991902834,
      0.6987854251012146,
      0.7012145748987855,
      0.7044534412955465,
      0.7060728744939271,
      0.7117408906882591,
      0.71417004048583,
      0.7149797570850203,
      0.719838056680162,
      0.7230769230769231,
      0.7263157894736842,
      0.728744939271255,
      0.7384615384615385,
      0.7408906882591093,
      0.7449392712550608,
      0.7465587044534413,
      0.7473684210526316,
      0.7538461538461538,
      0.757085020242915,
      0.7595141700404858,
      0.762753036437247,
      0.7643724696356275,
      0.7708502024291498,
      0.7757085020242915,
      0.7765182186234818,
      0.7789473684210526,
      0.7805668016194331,
      0.7878542510121458,
      0.7902834008097166,
      0.7919028340080971,
      0.7935222672064778,
      0.7959514170040486,
      0.7975708502024291,
      0.8024291497975709,
      0.8040485829959514,
      0.8072874493927126,
      0.8089068825910931,
      0.8137651821862348,
      0.8145748987854251,
      0.8178137651821862,
      0.8210526315789474,
      0.8242914979757086,
      0.8267206477732794,
      0.8291497975708502,
      0.8323886639676114,
      0.8331983805668016,
      0.8356275303643724,
      0.8388663967611336,
      0.8412955465587044,
      0.8445344129554656,
      0.8502024291497976,
      0.8526315789473684,
      0.8647773279352227,
      0.8672064777327935,
      0.8809716599190284,
      0.891497975708502,
      1.0
    ],
    "tpr": [
      0.0,
      0.00130718954248366,
      1.0,
      1.0,
      1.0,
      1.0,
      1.0,
      1.0,
      1.0,
      1.0,
      1.0,
      1.0,
      1.0,
      1.0,
      1.0,
      1.0,
      1.0,
      1.0,
      1.0,
      1.0,
      1.0,
      1.0,
      1.0,
      1.0,
      1.0,
      1.0,
      1.0,
      1.0,
      1.0,
      1.0,
      1.0,
      1.0,
      1.0,
      1.0,
      1.0,
      1.0,
      1.0,
      1.0,
      1.0,
      1.0,
      1.0,
      1.0,
      1.0,
      1.0,
      1.0,
      1.0,
      1.0,
      1.0,
      1.0,
      1.0,
      1.0,
      1.0,
      1.0,
      1.0,
      1.0,
      1.0,
      1.0,
      1.0,
      1.0,
      1.0,
      1.0,
      1.0,
      1.0,
      1.0,
      1.0,
      1.0,
      1.0,
      1.0,
      1.0,
      1.0,
      1.0,
      1.0,
      1.0,
      1.0,
      1.0,
      1.0,
      1.0,
      1.0,
      1.0,
      1.0,
      1.0,
      1.0,
      1.0,
      1.0,
      1.0,
      1.0,
      1.0,
      1.0,
      1.0,
      1.0,
      1.0,
      1.0,
      1.0,
      1.0,
      1.0,
      1.0,
      1.0,
      1.0,
      1.0,
      1.0,
      1.0,
      1.0,
      1.0,
      1.0,
      1.0,
      1.0,
      1.0,
      1.0,
      1.0,
      1.0,
      1.0,
      1.0,
      1.0,
      1.0,
      1.0,
      1.0,
      1.0,
      1.0,
      1.0,
      1.0,
      1.0,
      1.0,
      1.0,
      1.0,
      1.0,
      1.0,
      1.0,
      1.0,
      1.0,
      1.0,
      1.0,
      1.0,
      1.0,
      1.0,
      1.0,
      1.0,
      1.0,
      1.0,
      1.0,
      1.0,
      1.0,
      1.0
    ]
  },
  "processing_time": 0.7519690036773682,
  "memory_usage": 0.94921875,
  "fit_times": 0.45876445770263674,
  "score_times": 0.028475332260131835,
  "cv_accuracy": 0.9535,
  "cv_precision": 0.9144879823724033,
  "cv_recall": 0.9689342706155074,
  "cv_f1": 0.9407160383372414,
  "cv_roc_auc": 0.9921789319867601,
  "train_accuracy": 0.999625,
  "train_precision": 0.9990290802311262,
  "train_recall": 1.0,
  "train_f1": 0.9995138870572099,
  "train_roc_auc": 1.0
}