{
  "confusion_matrix": [
    [
      1226,
      9
    ],
    [
      4,
      761
    ]
  ],
  "classification_report": {
    "0": {
      "precision": 0.9967479674796748,
      "recall": 0.9927125506072875,
      "f1-score": 0.9947261663286004,
      "support": 1235.0
    },
    "1": {
      "precision": 0.9883116883116884,
      "recall": 0.9947712418300654,
      "f1-score": 0.9915309446254071,
      "support": 765.0
    },
    "accuracy": 0.9935,
    "macro avg": {
      "precision": 0.9925298278956816,
      "recall": 0.9937418962186764,
      "f1-score": 0.9931285554770037,
      "support": 2000.0
    },
    "weighted avg": {
      "precision": 0.99352109069792,
      "recall": 0.9935,
      "f1-score": 0.993503994027129,
      "support": 2000.0
    }
  },
  "auc_roc": 0.9998994469582705,
  "roc_curve": {
    "fpr": [
      0.0,
      0.0,
      0.0,
      0.0,
      0.0,
      0.0,
      0.0,
      0.0,
      0.0,
      0.0,
      0.0,
      0.0,
      0.0,
      0.0,
      0.0,
      0.0,
      0.0,
      0.0,
      0.0,
      0.0,
      0.0,
      0.0,
      0.0,
      0.0,
      0.0,
      0.0,
      0.0,
      0.0,
      0.0,
      0.0,
      0.0,
      0.0,
      0.0,
      0.0,
      0.0,
      0.0,
      0.0,
      0.0,
      0.0,
      0.0,
      0.0,
      0.0,
      0.0,
      0.0,
      0.0,
      0.0,
      0.0,
      0.0016194331983805667,
      0.0016194331983805667,
      0.0024291497975708503,
      0.0024291497975708503,
      0.0032388663967611335,
      0.0032388663967611335,
      0.008906882591093117,
      0.008906882591093117,
      0.020242914979757085,
      0.020242914979757085,
      0.022672064777327937,
      0.022672064777327937,
      0.07368421052631578,
      0.07530364372469636,
      0.08097165991902834,
      0.0825910931174089,
      0.08906882591093117,
      0.09068825910931175,
      0.11497975708502024,
      0.11659919028340081,
      0.12793522267206478,
      0.12955465587044535,
      0.1408906882591093,
      0.14251012145748987,
      0.22995951417004049,
      0.23157894736842105,
      0.23643724696356275,
      0.2380566801619433,
      0.25263157894736843,
      0.25425101214574897,
      0.2817813765182186,
      0.28502024291497974,
      0.3603238866396761,
      0.36194331983805667,
      0.3854251012145749,
      0.38704453441295544,
      0.4445344129554656,
      0.4461538461538462,
      0.4672064777327935,
      0.4688259109311741,
      0.4761133603238866,
      0.4777327935222672,
      0.49473684210526314,
      0.49635627530364373,
      0.5141700404858299,
      0.5157894736842106,
      0.5554655870445344,
      0.557085020242915,
      0.659919028340081,
      0.6615384615384615,
      0.6704453441295547,
      0.6720647773279352,
      0.7190283400809716,
      0.7206477732793523,
      0.7578947368421053,
      0.7595141700404858,
      0.7668016194331984,
      0.7684210526315789,
      0.7773279352226721,
      0.7789473684210526,
      0.7805668016194331,
      0.7821862348178138,
      0.8445344129554656,
      0.8461538461538461,
      0.8866396761133604,
      0.8882591093117409,
      0.9352226720647774,
      0.9368421052631579,
      0.962753036437247,
      0.9643724696356275,
      0.9708502024291498,
      0.9724696356275304,
      1.0
    ],
    "tpr": [
      0.0,
      0.00130718954248366,
      0.011764705882352941,
      0.01437908496732026,
      0.018300653594771243,
      0.023529411764705882,
      0.06928104575163399,
      0.0718954248366013,
      0.13333333333333333,
      0.13594771241830064,
      0.14901960784313725,
      0.15163398692810456,
      0.16209150326797386,
      0.16470588235294117,
      0.2875816993464052,
      0.2901960784313726,
      0.3254901960784314,
      0.330718954248366,
      0.3464052287581699,
      0.3516339869281046,
      0.3686274509803922,
      0.3712418300653595,
      0.5163398692810458,
      0.5189542483660131,
      0.5424836601307189,
      0.5450980392156862,
      0.5738562091503268,
      0.5764705882352941,
      0.7111111111111111,
      0.7137254901960784,
      0.7398692810457517,
      0.742483660130719,
      0.7568627450980392,
      0.7594771241830065,
      0.8379084967320262,
      0.8405228758169935,
      0.8549019607843137,
      0.857516339869281,
      0.8758169934640523,
      0.8784313725490196,
      0.8928104575163399,
      0.8954248366013072,
      0.9058823529411765,
      0.9084967320261438,
      0.934640522875817,
      0.9372549019607843,
      0.9869281045751634,
      0.9869281045751634,
      0.9882352941176471,
      0.9882352941176471,
      0.9908496732026144,
      0.9908496732026144,
      0.9947712418300654,
      0.9947712418300654,
      0.9973856209150327,
      0.9973856209150327,
      0.9986928104575163,
      0.9986928104575163,
      1.0,
      1.0,
      1.0,
      1.0,
      1.0,
      1.0,
      1.0,
      1.0,
      1.0,
      1.0,
      1.0,
      1.0,
      1.0,
      1.0,
      1.0,
      1.0,
      1.0,
      1.0,
      1.0,
      1.0,
      1.0,
      1.0,
      1.0,
      1.0,
      1.0,
      1.0,
      1.0,
      1.0,
      1.0,
      1.0,
      1.0,
      1.0,
      1.0,
      1.0,
      1.0,
      1.0,
      1.0,
      1.0,
      1.0,
      1.0,
      1.0,
      1.0,
      1.0,
      1.0,
      1.0,
      1.0,
      1.0,
      1.0,
      1.0,
      1.0,
      1.0,
      1.0,
      1.0,
      1.0,
      1.0,
      1.0,
      1.0,
      1.0,
      1.0,
      1.0,
      1.0,
      1.0
    ]
  },
  "processing_time": 0.11719880104064942,
  "memory_usage": 0.390625,
  "fit_times": 0.3726635932922363,
  "score_times": 0.04835524559020996,
  "cv_accuracy": 0.975,
  "cv_precision": 0.9575411472021361,
  "cv_recall": 0.9778374156632307,
  "cv_f1": 0.967510006279187,
  "cv_roc_auc": 0.9978661126443107,
  "train_accuracy": 0.993125,
  "train_precision": 0.9883076286630683,
  "train_recall": 0.993800354849298,
  "train_f1": 0.9910446241224656,
  "train_roc_auc": 0.999846417160505
}