{
  "confusion_matrix": [
    [
      1226,
      9
    ],
    [
      1,
      764
    ]
  ],
  "classification_report": {
    "0": {
      "precision": 0.9991850040749797,
      "recall": 0.9927125506072875,
      "f1-score": 0.9959382615759546,
      "support": 1235.0
    },
    "1": {
      "precision": 0.9883570504527813,
      "recall": 0.9986928104575163,
      "f1-score": 0.9934980494148244,
      "support": 765.0
    },
    "accuracy": 0.995,
    "macro avg": {
      "precision": 0.9937710272638804,
      "recall": 0.9957026805324019,
      "f1-score": 0.9947181554953894,
      "support": 2000.0
    },
    "weighted avg": {
      "precision": 0.9950433118144888,
      "recall": 0.995,
      "f1-score": 0.9950048804243223,
      "support": 2000.0
    }
  },
  "auc_roc": 0.9997967770103993,
  "roc_curve": {
    "fpr": [
      0.0,
      0.0,
      0.0,
      0.0,
      0.0,
      0.0,
      0.0,
      0.0,
      0.0,
      0.0,
      0.0,
      0.0,
      0.0,
      0.0,
      0.0,
      0.0008097165991902834,
      0.0008097165991902834,
      0.0016194331983805667,
      0.0016194331983805667,
      0.11012145748987855,
      0.11012145748987855,
      0.14736842105263157,
      0.14898785425101216,
      0.2574898785425101,
      0.2591093117408907,
      0.3214574898785425,
      0.3230769230769231,
      0.3319838056680162,
      0.33360323886639676,
      0.4064777327935223,
      0.4080971659919028,
      0.42591093117408907,
      0.42753036437246966,
      0.4493927125506073,
      0.45101214574898785,
      0.4785425101214575,
      0.4801619433198381,
      0.5352226720647774,
      0.5368421052631579,
      0.545748987854251,
      0.5473684210526316,
      0.5481781376518219,
      0.5497975708502024,
      0.6356275303643725,
      0.637246963562753,
      0.6874493927125506,
      0.6890688259109312,
      0.7700404858299595,
      0.7716599190283401,
      0.7813765182186235,
      0.7829959514170041,
      0.8615384615384616,
      0.8631578947368421,
      0.8639676113360324,
      0.8655870445344129,
      0.9133603238866397,
      0.9149797570850202,
      0.965991902834008,
      0.9676113360323887,
      1.0
    ],
    "tpr": [
      0.0,
      0.00130718954248366,
      0.13856209150326798,
      0.14248366013071895,
      0.3803921568627451,
      0.38300653594771245,
      0.43137254901960786,
      0.4339869281045752,
      0.43529411764705883,
      0.43790849673202614,
      0.5973856209150327,
      0.6,
      0.8196078431372549,
      0.8222222222222222,
      0.9294117647058824,
      0.9294117647058824,
      0.9947712418300654,
      0.9947712418300654,
      0.9986928104575163,
      0.9986928104575163,
      1.0,
      1.0,
      1.0,
      1.0,
      1.0,
      1.0,
      1.0,
      1.0,
      1.0,
      1.0,
      1.0,
      1.0,
      1.0,
      1.0,
      1.0,
      1.0,
      1.0,
      1.0,
      1.0,
      1.0,
      1.0,
      1.0,
      1.0,
      1.0,
      1.0,
      1.0,
      1.0,
      1.0,
      1.0,
      1.0,
      1.0,
      1.0,
      1.0,
      1.0,
      1.0,
      1.0,
      1.0,
      1.0,
      1.0,
      1.0
    ]
  },
  "processing_time": 0.40018491744995116,
  "memory_usage": 0.39453125,
  "fit_times": 0.6885416030883789,
  "score_times": 0.011820650100708008,
  "cv_accuracy": 0.9685,
  "cv_precision": 0.9488269037994318,
  "cv_recall": 0.9704291146754505,
  "cv_f1": 0.9594751436392409,
  "cv_roc_auc": 0.9934120618096799,
  "train_accuracy": 0.9961249999999999,
  "train_precision": 0.9915602809803191,
  "train_recall": 0.9983652095100352,
  "train_f1": 0.9949502189406377,
  "train_roc_auc": 0.9999514062274184
}