{
  "confusion_matrix": [
    [
      1137,
      98
    ],
    [
      68,
      697
    ]
  ],
  "classification_report": {
    "0": {
      "precision": 0.9435684647302904,
      "recall": 0.9206477732793522,
      "f1-score": 0.9319672131147541,
      "support": 1235.0
    },
    "1": {
      "precision": 0.8767295597484277,
      "recall": 0.9111111111111111,
      "f1-score": 0.8935897435897436,
      "support": 765.0
    },
    "accuracy": 0.917,
    "macro avg": {
      "precision": 0.9101490122393591,
      "recall": 0.9158794421952317,
      "f1-score": 0.9127784783522488,
      "support": 2000.0
    },
    "weighted avg": {
      "precision": 0.9180025835747279,
      "recall": 0.917,
      "f1-score": 0.9172878310214375,
      "support": 2000.0
    }
  },
  "auc_roc": 0.9778148236352571,
  "roc_curve": {
    "fpr": [
      0.0,
      0.0,
      0.0,
      0.0008097165991902834,
      0.0008097165991902834,
      0.0016194331983805667,
      0.0016194331983805667,
      0.0024291497975708503,
      0.0024291497975708503,
      0.0032388663967611335,
      0.0032388663967611335,
      0.004048582995951417,
      0.004048582995951417,
      0.004858299595141701,
      0.004858299595141701,
      0.005668016194331984,
      0.005668016194331984,
      0.006477732793522267,
      0.006477732793522267,
      0.0072874493927125505,
      0.0072874493927125505,
      0.008097165991902834,
      0.008097165991902834,
      0.008906882591093117,
      0.008906882591093117,
      0.009716599190283401,
      0.009716599190283401,
      0.010526315789473684,
      0.010526315789473684,
      0.011336032388663968,
      0.011336032388663968,
      0.012955465587044534,
      0.012955465587044534,
      0.013765182186234818,
      0.013765182186234818,
      0.014574898785425101,
      0.014574898785425101,
      0.015384615384615385,
      0.015384615384615385,
      0.016194331983805668,
      0.016194331983805668,
      0.01700404858299595,
      0.01700404858299595,
      0.017813765182186234,
      0.017813765182186234,
      0.01862348178137652,
      0.01862348178137652,
      0.019433198380566803,
      0.019433198380566803,
      0.020242914979757085,
      0.020242914979757085,
      0.021052631578947368,
      0.021052631578947368,
      0.02186234817813765,
      0.02186234817813765,
      0.022672064777327937,
      0.022672064777327937,
      0.025101214574898785,
      0.025101214574898785,
      0.025910931174089068,
      0.025910931174089068,
      0.026720647773279354,
      0.026720647773279354,
      0.02834008097165992,
      0.02834008097165992,
      0.029149797570850202,
      0.029149797570850202,
      0.029959514170040485,
      0.029959514170040485,
      0.031578947368421054,
      0.031578947368421054,
      0.032388663967611336,
      0.032388663967611336,
      0.03319838056680162,
      0.03319838056680162,
      0.034817813765182185,
      0.034817813765182185,
      0.03724696356275304,
      0.03724696356275304,
      0.03805668016194332,
      0.03805668016194332,
      0.038866396761133605,
      0.038866396761133605,
      0.03967611336032389,
      0.03967611336032389,
      0.04048582995951417,
      0.04048582995951417,
      0.04129554655870445,
      0.04129554655870445,
      0.0437246963562753,
      0.0437246963562753,
      0.045344129554655874,
      0.045344129554655874,
      0.046153846153846156,
      0.046153846153846156,
      0.04696356275303644,
      0.04696356275303644,
      0.04777327935222672,
      0.04777327935222672,
      0.048582995951417005,
      0.048582995951417005,
      0.04939271255060729,
      0.04939271255060729,
      0.051821862348178135,
      0.051821862348178135,
      0.05344129554655871,
      0.05344129554655871,
      0.055870445344129556,
      0.055870445344129556,
      0.05668016194331984,
      0.05668016194331984,
      0.05910931174089069,
      0.05910931174089069,
      0.06315789473684211,
      0.06315789473684211,
      0.06639676113360324,
      0.06639676113360324,
      0.06720647773279352,
      0.06720647773279352,
      0.0680161943319838,
      0.0680161943319838,
      0.06963562753036437,
      0.06963562753036437,
      0.07044534412955465,
      0.07044534412955465,
      0.07206477732793522,
      0.07206477732793522,
      0.07368421052631578,
      0.07368421052631578,
      0.07530364372469636,
      0.07530364372469636,
      0.07611336032388664,
      0.07611336032388664,
      0.07773279352226721,
      0.07773279352226721,
      0.07935222672064778,
      0.07935222672064778,
      0.08016194331983806,
      0.08016194331983806,
      0.08178137651821862,
      0.08178137651821862,
      0.08421052631578947,
      0.08421052631578947,
      0.08502024291497975,
      0.08502024291497975,
      0.08825910931174089,
      0.08825910931174089,
      0.09068825910931175,
      0.09068825910931175,
      0.09473684210526316,
      0.09473684210526316,
      0.09635627530364373,
      0.09635627530364373,
      0.09878542510121457,
      0.09878542510121457,
      0.09959514170040486,
      0.09959514170040486,
      0.10040485829959514,
      0.10040485829959514,
      0.10283400809716599,
      0.10283400809716599,
      0.10607287449392712,
      0.10607287449392712,
      0.1076923076923077,
      0.1076923076923077,
      0.10931174089068826,
      0.10931174089068826,
      0.11093117408906883,
      0.11093117408906883,
      0.11336032388663968,
      0.11336032388663968,
      0.11659919028340081,
      0.11659919028340081,
      0.11821862348178137,
      0.11821862348178137,
      0.12064777327935222,
      0.12064777327935222,
      0.12712550607287448,
      0.12712550607287448,
      0.12793522267206478,
      0.12793522267206478,
      0.13036437246963561,
      0.13036437246963561,
      0.13279352226720648,
      0.13279352226720648,
      0.13360323886639677,
      0.13360323886639677,
      0.1360323886639676,
      0.1360323886639676,
      0.13846153846153847,
      0.13846153846153847,
      0.1417004048582996,
      0.1417004048582996,
      0.14412955465587043,
      0.14412955465587043,
      0.1465587044534413,
      0.1465587044534413,
      0.14736842105263157,
      0.14736842105263157,
      0.14979757085020243,
      0.14979757085020243,
      0.16113360323886639,
      0.16113360323886639,
      0.16194331983805668,
      0.16194331983805668,
      0.17165991902834007,
      0.17165991902834007,
      0.17732793522267207,
      0.17732793522267207,
      0.18218623481781376,
      0.18218623481781376,
      0.1854251012145749,
      0.1854251012145749,
      0.18947368421052632,
      0.18947368421052632,
      0.19919028340080971,
      0.19919028340080971,
      0.2089068825910931,
      0.2089068825910931,
      0.22267206477732793,
      0.22267206477732793,
      0.2251012145748988,
      0.2251012145748988,
      0.24048582995951417,
      0.24048582995951417,
      0.2761133603238866,
      0.2761133603238866,
      1.0
    ],